-- Test data generated by knowledge-base-test-data-generator
--
-- Disables WAL for faster inserts. Remember to re-enable if needed.
-- ALTER SYSTEM SET wal_level = 'minimal';
-- ALTER SYSTEM SET max_wal_senders = 0;

INSERT INTO knowledge_base.category_d (id, title, created_at, updated_at) VALUES ('9f5dfc77-efba-4d60-8c9a-2d08331faf3e', 'Алгоритмическое мышление', '2025-01-12 07:50:33', '2025-01-12 07:50:33');
INSERT INTO knowledge_base.course_b (id, title, description, level, visibility, category_id, created_at, updated_at) VALUES ('f1ca8a90-08a5-4a91-8241-339d22260b9e', 'Алгоритмическое Мышление: Осваиваем Основы и Решаем Задачи', 'Этот онлайн-курс предназначен для тех, кто хочет развить критическое мышление и навыки решения задач, используя принципы алгоритмического мышления. Вы освоите базовые концепции алгоритмов, научитесь представлять проблемы в виде логических шагов, решать задачи с помощью блок-схем и псевдокода, а также приобретете практический опыт в решении распространенных алгоритмических задач, что позволит эффективно подходить к решению сложных задач в IT и не только.', 'medium', 'public', '9f5dfc77-efba-4d60-8c9a-2d08331faf3e', '2025-01-19 15:13:33', '2025-01-19 15:13:33');
INSERT INTO knowledge_base.lesson_d (id, title, course_id, content, created_at, updated_at) VALUES ('ffe8bceb-5ff8-4f1c-969f-57098ef6fdc4', 'Урок 3: Сортировка и Поиск', 'f1ca8a90-08a5-4a91-8241-339d22260b9e', '[{"content_type": "text", "data": "## Урок 3: Сортировка и Поиск

В этом уроке мы углубимся в два фундаментальных алгоритма, которые играют ключевую роль в организации и обработке данных: сортировку и поиск. Сортировка – это процесс упорядочивания элементов в списке или массиве по определенному критерию (например, по возрастанию или убыванию). Мы рассмотрим различные алгоритмы сортировки, такие как сортировка пузырьком, сортировка вставками и более эффективные методы, такие как быстрая сортировка (Quick Sort). Поиск же - это поиск конкретного элемента в отсортированном или неупорядоченном массиве. Мы изучим линейный поиск (простейший и самый медленный) и бинарный поиск, который значительно быстрее, если данные уже отсортированы. Понимание и умение применять эти алгоритмы – основа для оптимизации работы с данными и написания эффективного кода."},{"content_type": "text", "data": "В этом уроке мы углубимся в два ключевых алгоритма, определяющих эффективность работы с данными – сортировку и поиск. Сортировка, будь то пузырьковая, сортировка выбором или быстрая сортировка, позволяет упорядочить данные по любому признаку, что значительно упрощает их дальнейший анализ и поиск.  Параллельно мы рассмотрим различные методы поиска в отсортированных массивах, таких как бинарный поиск, который благодаря своей эффективности в два раза быстрее, чем линейный поиск. Понимание этих алгоритмов и их особенностей критически важно для разработки оптимизированного и быстрого кода, особенно при работе с большими объемами информации."},{"content_type": "text", "data": "В третьем уроке мы погружаемся в фундаментальные концепции сортировки и поиска, которые являются краеугольными камнями эффективной работы с данными. Мы рассмотрим различные алгоритмы сортировки, такие как пузырьковая сортировка, сортировка выбором и быстрая сортировка, изучим их преимущества и недостатки, а также разберемся, когда какой алгоритм будет наиболее оптимальным.  Также мы углубимся в методы поиска в различных структурах данных, включая линейный поиск и бинарный поиск, освоим их особенности и разберемся, как эффективно находить нужные элементы в ваших списках и массивах, что критически важно для дальнейшего оптимизирования ваших программ."},{"content_type": "text", "data": "**Урок 3: Сортировка и Поиск**

В этом уроке мы погружаемся в ключевые алгоритмы, позволяющие эффективно организовывать и находить данные в массивах. Изучим алгоритмы сортировки, такие как пузырьковая сортировка и сортировка выбором, которые позволяют упорядочить данные в любом порядке. Мы также рассмотрим алгоритмы поиска, включая линейный поиск и бинарный поиск, объясним их принципы работы, сравним их эффективность в зависимости от размера массива и рассмотрим, когда какой метод поиска будет наиболее оптимальным. Понимание этих алгоритмов критически важно для написания эффективного кода и оптимизации производительности ваших программ."}]', '2025-01-19 20:16:33', '2025-01-19 20:16:33');
INSERT INTO knowledge_base.lesson_d (id, title, course_id, content, created_at, updated_at) VALUES ('ec35cdf0-6529-42f7-b52b-9ce7e5dd20e6', 'Урок 3: Поиск и Сортировка', 'f1ca8a90-08a5-4a91-8241-339d22260b9e', '[{"content_type": "text", "data": "В этом уроке мы погружаемся в критически важные навыки поиска и сортировки данных – фундаментальные операции в любой работе с информацией. Вы узнаете, как эффективно использовать различные алгоритмы поиска, такие как линейный поиск и бинарный поиск, и поймете, почему бинарный поиск значительно быстрее для отсортированных списков. Мы также освоим основные методы сортировки, включая сортировку пузырьком и сортировку вставками, научимся понимать их принципы работы и сравнивать эффективность для разных объемов данных.  Понимание этих концепций позволит вам не только находить нужные данные быстрее, но и оптимизировать структуру данных для повышения производительности программного обеспечения."},{"content_type": "text", "data": "В этом уроке мы погрузимся в два ключевых навыка работы с данными: поиск и сортировку. Поиск, или фильтрация, позволяет нам находить конкретные записи в наборе данных, соответствующие заданным критериям – например, найти все клиентов из Москвы или все заказы на сумму больше 1000 рублей. Сортировка, в свою очередь, упорядочивает данные по определенному полю (например, по дате, цене или имени), что помогает визуально оценить закономерности и выявить наиболее значимые элементы.  Умение эффективно искать и сортировать данные является фундаментальным навыком для любого анализа и работы с информацией, и мы подробно разберем различные методы для достижения этой цели, включая использование фильтров и столбцов в электронных таблицах, а также основные принципы работы с запросами в базах данных."},{"content_type": "text", "data": "В этом уроке мы углубимся в важнейшие навыки поиска и сортировки данных – фундамент эффективной работы с информацией. Вы узнаете различные алгоритмы поиска, такие как линейный поиск и бинарный поиск, а также поймете их преимущества и недостатки в зависимости от объема данных.  Мы также рассмотрим основные методы сортировки, включая сортировку пузырьком, сортировку вставками и сортировку слиянием, изучая принципы их работы и оценивая их производительность для различных типов данных. Освоение этих техник позволит вам оптимизировать процессы обработки информации, значительно сократить время на поиск нужных элементов и эффективно организовать ваши данные."},{"content_type": "text", "data": "## Урок 3: Поиск и Сортировка

В этом уроке мы погружаемся в фундаментальные алгоритмы, позволяющие эффективно работать с данными. Мы изучим различные методы поиска: линейный поиск (простейший, но не всегда оптимальный) и бинарный поиск (эффективный, но требующий предварительного упорядочивания данных). Также мы рассмотрим алгоритмы сортировки, такие как сортировка пузырьком и сортировка выбором, которые позволяют упорядочить элементы в списке или массиве. Понимание этих алгоритмов критически важно для оптимизации работы программного обеспечения и обработки больших объемов информации.  Практические задания помогут вам закрепить полученные знания и научиться применять их на практике."}]', '2025-01-23 13:32:33', '2025-01-23 13:32:33');
INSERT INTO knowledge_base.course_b (id, title, description, level, visibility, category_id, created_at, updated_at) VALUES ('017c7aa1-7976-4008-853d-ba9c4aefa943', 'Алгоритмическое Мышление: От Идеи к Решению', 'Этот онлайн-курс научит вас разрабатывать алгоритмы - четкие пошаговые инструкции для решения задач. Вы освоите фундаментальные понятия алгоритмического мышления, такие как декомпозиция, абстракция, распознавание шаблонов и разработка эффективных алгоритмов с использованием различных методов и инструментов. Курс идеально подходит для начинающих, желающих развить логическое мышление, критические навыки решения проблем и эффективно применять алгоритмы в различных областях, от программирования до повседневной жизни.', 'hard', 'public', '9f5dfc77-efba-4d60-8c9a-2d08331faf3e', '2025-01-20 22:19:33', '2025-01-20 22:19:33');
INSERT INTO knowledge_base.lesson_d (id, title, course_id, content, created_at, updated_at) VALUES ('25cda70c-1dc5-4bbd-9094-8db8944b27cd', 'Урок 7: Разбор сложных задач.', '017c7aa1-7976-4008-853d-ba9c4aefa943', '[{"content_type": "text", "data": "В этом уроке мы погружаемся в искусство решения сложных задач. Мы рассмотрим систематический подход, который включает в себя четкое понимание сути проблемы, разбиение ее на более мелкие, управляемые части, использование различных стратегий, таких как логическое мышление, алгоритмизация и поиск закономерностей. Особое внимание уделим методу "разделяй и властвуй", который позволяет упростить даже самые запутанные задачи, а также научимся выявлять и устранять распространенные ошибки при их решении. Помните, сложность задачи не должна вас пугать - с правильным подходом и достаточной практикой, любой вызов станет возможностью для роста и развития ваших навыков."},{"content_type": "text", "data": "## Урок 7: Разбор сложных задач

В этом уроке мы сосредоточимся на эффективной стратегии решения сложных задач, которые не всегда можно решить, просто "применив формулу". Мы изучим метод "разложения на части" - разбиваем задачу на более мелкие, управляемые этапы.  Это включает в себя определение ключевой информации, выявление скрытых предположений, построение логической схемы, и, при необходимости, использование дополнительных теорем или формул.  Особое внимание уделим критическому мышлению и умению определить, какие инструменты и знания действительно необходимы для решения поставленной задачи. Осваивая этот подход, вы научитесь уверенно подходить к любым сложным проблемам, превращая их в последовательный и понятный процесс."}]', '2025-01-23 04:22:33', '2025-01-23 04:22:33');
INSERT INTO knowledge_base.lesson_d (id, title, course_id, content, created_at, updated_at) VALUES ('06ab3cec-8fe4-43a9-ab80-c45689cfcb4e', 'Разбор Паттернов Решения', '017c7aa1-7976-4008-853d-ba9c4aefa943', '[{"content_type": "text", "data": "## Разбор Паттернов Решения: Ключ к Эффективному Решению Задач

Разбор паттернов решения – это ключевой навык для любого, кто занимается решением задач, будь то программирование, математика, логистика или даже сложные бизнес-процессы. Вместо того, чтобы начинать каждую задачу с нуля, мы учимся распознавать и применять уже существующие, проверенные решения – так называемые паттерны. Это как использование готовых инструментов: они позволяют значительно ускорить процесс решения, уменьшить количество ошибок и, что самое главное, повысить нашу способность применять знания в новых, незнакомых ситуациях. Изучение паттернов решения – это не просто заучивание алгоритмов, а понимание принципов, лежащих в их основе, что позволяет нам адаптировать их под конкретную задачу и, в конечном итоге, стать более эффективными и уверенными решателями проблем."},{"content_type": "text", "data": "## Разбор Паттернов Решения: Ключ к Эффективному Кодированию

Разбор паттернов решения – это фундаментальная концепция, которую мы изучаем, чтобы значительно повысить эффективность вашего кодирования. Вместо того, чтобы изобретать велосипед каждый раз, мы используем уже известные и проверенные решения для распространенных проблем.  Освоив базовые паттерны, такие как "Стратегия", "Наблюдатель" или "Фабрика", вы сможете быстрее понимать задачи, выбирать наиболее подходящее решение и писать более чистый, поддерживаемый и эффективный код.  Более того, знание этих паттернов улучшает вашу способность понимать чужой код и быстрее осваивать новые проекты.  Мы рассмотрим примеры из разных языков программирования, чтобы вы могли применять эти знания на практике."},{"content_type": "text", "data": "## Разбор Паттернов Решения: Ключ к Эффективному Кодированию

Разбор паттернов решения – это мощный метод, который позволяет не просто решать конкретные задачи, но и формировать у вас системное представление о том, как подходить к решению похожих проблем в будущем. Вместо того, чтобы изобретать велосипед каждый раз, вы выявляете и используете уже существующие, проверенные решения – паттерны. Изучение и применение паттернов решения помогает вам быстрее понимать новые задачи, оценивать различные подходы, выбирать наиболее подходящий алгоритм или структуру данных, и, самое главное, писать более чистый, понятный и поддерживаемый код.  Мы будем подробно разбирать различные паттерны, такие как "Стратегия", "Наблюдатель", "Фабричный метод" и другие, объясняя их суть, преимущества и примеры применения."},{"content_type": "text", "data": "## Разбор Паттернов Решения: Ключ к Эффективному Решению Задач

Разбор паттернов решения - это мощный метод, который поможет вам не только решать конкретные задачи, но и развить гибкость мышления и способность к быстрому обучению.  Суть метода заключается в том, чтобы не просто "зазубрить" алгоритм, а понять *почему* он работает, какие общие принципы лежат в его основе, и как его можно адаптировать к новым, похожим задачам. Анализируя решения, представленные опытными программистами, вы будете замечать повторяющиеся структуры, логические рассуждения и подходы к декомпозиции проблем.  Это позволяет вам создавать собственные решения быстрее, с меньшим количеством ошибок и более глубоким пониманием предмета.  Понимание паттернов решения – это инвестиция в ваше развитие как программиста и ключ к эффективному решению широкого спектра задач."},{"content_type": "text", "data": "## Разбор Паттернов Решения: Ключ к Эффективному Решательству

Разбор паттернов решения – это критически важный навык для любого, кто занимается решением задач, будь то программирование, математика или даже мозговые штурмы. Вместо того, чтобы просто находить правильный ответ, мы учимся выявлять и использовать общие стратегии, которые приводят к оптимальному решению. Изучение паттернов, таких как "разделяй и властвуй", "разделяй на случаи" или "рекурсия", позволяет нам систематизировать подход, быстрее находить подходящую технику и, самое главное, избегать повторения одних и тех же ошибок. Понимание этих паттернов не только ускоряет процесс решения, но и делает вас более гибким и адаптивным в любых ситуациях, где требуется аналитическое мышление и умение находить эффективные решения."}]', '2025-01-24 23:40:33', '2025-01-24 23:40:33');
INSERT INTO knowledge_base.category_d (id, title, created_at, updated_at) VALUES ('81474123-13e6-4eae-a314-2f33a0055e57', 'Цифровой когнитив', '2024-12-31 22:38:33', '2024-12-31 22:38:33');
INSERT INTO knowledge_base.course_b (id, title, description, level, visibility, category_id, created_at, updated_at) VALUES ('babed617-08e7-44cd-8220-370403657f4f', 'Цифровой Когнитив: Расширение Возможностей Ума в Эпоху Данных', 'Этот онлайн-курс ''Цифровой Когнитив'' разработан для тех, кто хочет максимально эффективно использовать технологии, чтобы улучшить свои когнитивные способности, повысить продуктивность и адаптироваться к быстро меняющемуся цифровому миру. Вы узнаете, как использовать принципы цифровой психологии, нейрокогнитивной науки и современных инструментов для оптимизации обучения, повышения концентрации внимания, борьбы с информационной перегрузкой и развития критического мышления, чтобы стать более осознанным и эффективным пользователем цифровых технологий.', 'medium', 'public', '81474123-13e6-4eae-a314-2f33a0055e57', '2025-01-10 09:19:33', '2025-01-10 09:19:33');
INSERT INTO knowledge_base.lesson_d (id, title, course_id, content, created_at, updated_at) VALUES ('a4e57d63-a4f9-4922-a602-b80185faee94', 'Оптимизация Мышления с Данными', 'babed617-08e7-44cd-8220-370403657f4f', '[{"content_type": "text", "data": "## Оптимизация Мышления с Данными: Ключ к Решению Проблем

Оптимизация мышления с данными – это не просто анализ информации, это фундаментальный подход к решению задач, основанный на эмпирических доказательствах. Вместо слепой интуиции или субъективных оценок, вы будете использовать данные для выявления закономерностей, проверки гипотез и формирования обоснованных выводов.  Этот метод подразумевает сбор и анализ информации, выявление ключевых показателей, тестирование различных подходов и итеративную доработку решений на основе полученных результатов.  По сути, вы превращаете свои мысли в управляемый процесс, основанный на фактах, что значительно повышает эффективность, снижает риски и, в конечном итоге, ведет к более успешным и устойчивым решениям."},{"content_type": "text", "data": "## Оптимизация Мышления с Данными

Оптимизация мышления с данными – это мощный подход, который позволяет не просто анализировать информацию, но и сознательно формировать наши идеи и решения, опираясь на объективные данные. Вместо полагаться на интуицию или стереотипы, мы начинаем с поиска, сбора и критического анализа фактических данных.  Это включает в себя определение ключевых метрик, создание систем сбора информации, выявление закономерностей и тенденций, а также умение интерпретировать результаты для принятия более обоснованных и эффективных решений в любой области – от бизнеса и науки до личной жизни.  Ключевым здесь является осознанное использование данных как инструмента для улучшения нашего мышления и достижения поставленных целей."},{"content_type": "text", "data": "## Оптимизация Мышления с Данными

В современном мире, переполненном информацией, способность критически мыслить и принимать обоснованные решения становится ключевым навыком. "Оптимизация мышления с данными" – это не просто сбор и анализ информации, это систематический процесс, позволяющий улучшить наши когнитивные способности. Использование данных, будь то статистические данные, отзывы клиентов, результаты исследований или даже логи наши собственные мысли, позволяет выявлять закономерности, обнаруживать предвзятости в наших суждениях и строить более эффективные стратегии. Анализируя данные, мы можем переоценить свои убеждения, выявить области, где мы можем ошибаться, и, в конечном итоге, принимать более рациональные и обоснованные решения в любой сфере жизни – от бизнеса и науки до личных отношений и саморазвития."},{"content_type": "text", "data": "## Оптимизация Мышления с Данными

Оптимизация мышления с данными – это мощный подход к решению задач и принятию решений, основанный на объективном анализе информации. Вместо того, чтобы полагаться исключительно на интуицию, опыт или личные убеждения, мы используем данные для выявления закономерностей, оценки рисков и принятия обоснованных решений. Это подразумевает сбор релевантных данных, их структурирование, анализ (используя статистические методы, машинное обучение и другие инструменты) и интерпретацию результатов.  Постоянное совершенствование этого процесса – ключевой элемент повышения эффективности, минимизации ошибок и достижения лучших результатов во всех сферах жизни, от бизнеса и науки до личной карьеры и здоровья. В нашем курсе мы научим вас, как применять эти методы для достижения ваших целей."}]', '2025-01-11 00:00:33', '2025-01-11 00:00:33');
INSERT INTO knowledge_base.lesson_d (id, title, course_id, content, created_at, updated_at) VALUES ('e6087320-feb5-43f3-bf42-3349b65901ca', 'Апгрейд Когнитивных Способностей', 'babed617-08e7-44cd-8220-370403657f4f', '[{"content_type": "text", "data": "Вот образовательный абзац на тему ''Апгрейд Когнитивных Способностей'' для онлайн-курса:

**Апгрейд Когнитивных Способностей: Развиваем свой мозг для достижения новых высот.**  Когнитивные способности, такие как память, внимание, мышление и скорость обработки информации, – это основа нашей эффективности и успеха в любой сфере жизни. В этом курсе мы исследуем научно обоснованные методы и техники, помогающие улучшить эти способности. Вы узнаете о нейропластичности мозга и о том, как сознательно тренировать свой мозг для повышения концентрации, улучшения памяти, развития критического мышления и, как следствие, достижения ваших целей. Мы познакомим вас с практичными упражнениями, техниками и стратегиями, которые вы сможете сразу применять в повседневной жизни, чтобы раскрыть свой интеллектуальный потенциал."},{"content_type": "text", "data": "## Апгрейд Когнитивных Способностей: Ключ к Эффективности и Развитию

В этом курсе мы исследуем не просто техники, а фундаментальные принципы, позволяющие значительно улучшить ваши когнитивные способности – мышление, память, концентрацию и способность к обучению.  Мы рассмотрим научные подходы, такие как нейропластичность (способность мозга изменяться) и методы когнитивной тренировки, включая техники mindfulness, интервальное голодание и специально разработанные упражнения для памяти и внимания. Понимание этих принципов и практическое применение их помогут вам стать более эффективным учеником, креативным решателем проблем и, в конечном итоге, – более осознанным и продуктивным человеком.  Наш курс предоставит инструменты для систематического апгрейда вашего мозга и достижения максимального потенциала."},{"content_type": "text", "data": "## Апгрейд Когнитивных Способностей: Открой Потенциал Своей Ума

В современном мире, где информация стремительно обновляется, умение эффективно обрабатывать, анализировать и применять знания становится ключевым фактором успеха. "Апгрейд Когнитивных Способностей" – это не просто набор техник, это комплексная система развития вашего мозга. Мы будем фокусироваться на улучшении таких навыков, как концентрация внимания, критическое мышление, память, решение проблем, креативность и скорость обработки информации. С помощью научно обоснованных методов и практических упражнений вы сможете не только повысить свою продуктивность, но и расширить свой кругозор, стать более гибким в мышлении и, в конечном итоге, раскрыть весь потенциал своего ума. Этот курс позволит вам стать не просто потребителем информации, а активным и успешным участником современного мира."},{"content_type": "text", "data": "## Апгрейд Когнитивных Способностей: Заложи оснований для эффективного мышления

В этом модуле мы исследуем возможности улучшения и развития ваших когнитивных способностей – навыков, которые напрямую влияют на вашу способность учиться, решать проблемы, принимать решения и адаптироваться к новым ситуациям. Мы рассмотрим научно обоснованные стратегии, такие как техника Pomodoro, метод майндмэппинга, метод Лучина для улучшения памяти, и другие инструменты, направленные на повышение концентрации внимания, развитие критического мышления и оптимизацию процессов обучения.  Улучшение этих навыков – это не мгновенный результат, а скорее инвестиция в себя, позволяющая вам максимально раскрыть свой потенциал и постоянно расти как личность.  Мы поможем вам не просто узнать о техниках, но и научим применять их на практике для достижения ваших целей."},{"content_type": "text", "data": "Вот абзац на тему "Апгрейд Когнитивных Способностей" для онлайн-курса:

**Апгрейд Когнитивных Способностей: Раскрой свой потенциал!**  Наша память, внимание, мышление и способность к обучению – это не статичные характеристики, а скорее, системы, которые можно улучшить. В этом курсе мы познакомим вас с научно обоснованными методами и техниками для оптимизации ваших когнитивных способностей. Вы узнаете, как эффективно тренировать память, повысить концентрацию внимания, улучшить скорость и точность мышления, а также развить гибкость ума и способность к быстрому обучению. Мы воспользуемся проверенными стратегиями, такими как нейропластичность, метод интервального повторения, техники mindfulness и другие, чтобы вы могли ощутимо улучшить свою интеллектуальную производительность и жить более осознанно и продуктивно."}]', '2025-01-14 15:54:33', '2025-01-14 15:54:33');
INSERT INTO knowledge_base.course_b (id, title, description, level, visibility, category_id, created_at, updated_at) VALUES ('47a7493e-75e6-4d07-ae5e-2961dd395a60', 'Цифровой Когнитив: Осваиваем Искусственный Интеллект для Улучшения Мышления', 'Этот онлайн-курс посвящен освоению фундаментальных концепций и практических инструментов цифрового когнитивизма – подхода, использующего искусственный интеллект для улучшения когнитивных способностей человека. Вы изучите основы нейросетей, машинного обучения, методы оптимизации памяти и внимания, а также научитесь применять эти знания для повышения продуктивности, улучшения навыков принятия решений и развития креативности – всё это через практические примеры и упражнения.', 'medium', 'public', '81474123-13e6-4eae-a314-2f33a0055e57', '2025-01-10 15:02:33', '2025-01-10 15:02:33');
INSERT INTO knowledge_base.lesson_d (id, title, course_id, content, created_at, updated_at) VALUES ('1b491c25-a73e-4f46-86be-783630ac7706', 'Нейросети: Запуск Мышления', '47a7493e-75e6-4d07-ae5e-2961dd395a60', '[{"content_type": "text", "data": "Вот один образовательный абзац на тему "Нейросети: Запуск Мышления" для онлайн-курса:

**Нейросети – это мощные алгоритмы, вдохновлённые структурой и функционированием человеческого мозга.  В основе их работы лежит идея создания искусственных “нейронов”, соединенных между собой, которые, обрабатывая данные, учатся распознавать закономерности и принимать решения.  В отличие от традиционных программ, написанных строгой последовательностью инструкций, нейросети “учатся” на большом количестве данных, корректируя свои внутренние связи и, по сути, имитируя процесс обучения у человека.  Понимание принципов работы нейросетей – первый шаг к освоению одной из самых быстро развивающихся и перспективных областей современной науки и технологий, открывающей возможности для решения задач в самых разных сферах - от медицины и финансов до автоматизации производства и разработки новых искусственных интеллектов.**"},{"content_type": "text", "data": "Вот один образовательный абзац на тему ‘Нейросети: Запуск Мышления’ для онлайн-курса:

**Нейросети** – это захватывающая область искусственного интеллекта, вдохновленная устройством человеческого мозга. В основе их работы лежит идея создания компьютерных систем, способных обучаться на основе данных, подобно тому, как мы это делаем.  Эти системы, построенные из взаимосвязанных "искусственных нейронов",  учатся распознавать паттерны, принимать решения и даже генерировать новые данные – всё это благодаря алгоритмам, имитирующим процессы обучения и памяти в мозге.  В этом курсе мы погрузимся в основы нейросетей, изучим различные архитектуры, научимся понимать принципы их работы и начнем создавать собственные простые модели, чтобы по-настоящему ощутить, как запускается “мышление” машины."}]', '2025-01-13 14:26:33', '2025-01-13 14:26:33');
INSERT INTO knowledge_base.lesson_d (id, title, course_id, content, created_at, updated_at) VALUES ('6eb76087-0997-4935-8607-da0f23130cf2', 'Нейронные Сети для Критического Мышления', '47a7493e-75e6-4d07-ae5e-2961dd395a60', '[{"content_type": "text", "data": "Вот один образовательный абзац на тему "Нейронные Сети для Критического Мышления" для онлайн-курса:

**Нейронные сети, изначально разработанные для обработки данных, могут оказаться удивительно полезными для развития критического мышления.**  Обученные распознавать сложные закономерности и аномалии, они могут помочь нам увидеть проблемы под новым углом.  Вместо простого запоминания фактов, нейронные сети учат нас идентифицировать скрытые взаимосвязи, выявлять предвзятости в данных и даже генерировать новые гипотезы,  представляя нам альтернативные точки зрения.  В этом курсе мы изучим, как принципы работы нейронных сетей можно использовать для улучшения наших аналитических способностей, повышения осведомленности о наших собственных когнитивных предубеждениях и, в конечном итоге, для более осознанного и эффективного мышления."},{"content_type": "text", "data": "Вот образовательный абзац на тему "Нейронные сети для критического мышления" для онлайн-курса:

**Нейронные сети, помимо своей способности распознавать образы и предсказывать тенденции, могут стать мощным инструментом для развития критического мышления.**  Обученные на огромных массивах данных, они способны выявлять сложные закономерности и взаимосвязи, которые могут быть незаметны для человеческого восприятия.  Изучение принципов работы нейронных сетей, включая процессы обучения, распространения ошибок и влияния архитектуры, помогает нам осознать субъективность информации, понимать ограничения алгоритмов и, что особенно важно, критически оценивать полученные результаты.  Понимание, как нейронные сети "думают", позволяет нам строить более обоснованные выводы, анализировать доказательства и, в конечном итоге, развивать более глубокое и гибкое мышление."}]', '2025-01-11 06:26:33', '2025-01-11 06:26:33');
